{
  "class": "C24",
  "service_class": 1,
  "duration": "short",
  "design_strengths_Pa": {
    "fc0d": 14538461.538461538,
    "ft0d": 9692307.692307692,
    "ft90d": 276923.07692307694,
    "fc90d": 1730769.2307692308,
    "fmd": 16615384.615384614,
    "frd": 2769230.769230769
  },
  "geometry_mm": {
    "L": 4000,
    "H": 400,
    "B": 140,
    "t_plate": 8,
    "slot_depth": 20,
    "n_dowels": 4,
    "d_dowel": 12,
    "s_dowel": 120,
    "a_edge": 90.0,
    "dowel_positions": [
      [
        90.0,
        200.0
      ],
      [
        210.0,
        200.0
      ],
      [
        330.0,
        200.0
      ],
      [
        450.0,
        200.0
      ]
    ]
  }
}