{
  "class": "C24",
  "service_class": 1,
  "duration": "short",
  "design_strengths_Pa": {
    "fc0d": 14.53846153846154,
    "ft0d": 9.692307692307692,
    "ft90d": 0.2769230769230769,
    "fc90d": 1.7307692307692306,
    "fmd": 16.615384615384617,
    "frd": 2.769230769230769
  },
  "geometry_mm": {
    "L": 4000,
    "H": 400,
    "B": 140,
    "t_plate": 8,
    "slot_depth": 20,
    "n_dowels": 4,
    "d_dowel": 12,
    "s_dowel": 120,
    "a_edge": 100.0,
    "dowel_positions": [
      [
        3540.0,
        200.0
      ],
      [
        3660.0,
        200.0
      ],
      [
        3780.0,
        200.0
      ],
      [
        3900.0,
        200.0
      ]
    ]
  }
}